Test,b_size_outsourcing,p_size_outsourcing,b_size_wages,p_size_wages,N_obs
Test 5: Firm Size,-8.802846121245579e-6,0.5298483579712858,-0.5199946403603128,0.13983620277455858,141
