Threshold,R_squared,Is_Optimal
0.05,0.07708021911700325,FALSE
0.1,0.058521065222313595,FALSE
0.15000000000000002,0.07714319623544008,FALSE
0.2,0.06179829220519284,FALSE
0.25,0.0575346032394064,FALSE
0.3,0.061614530547179136,FALSE
0.35000000000000003,0.10134628098957876,TRUE
0.4,0.06825598519236398,FALSE
