Test,b_lag1,b_lag2,p_lag2,N_obs
AR(1) — Main,0.9999999999999998,NA,NA,141
AR(2) — Check,0.6920633367622925,0.25314305032698564,0.18463887816183785,46
