Test,b_ln_A_formal,p_ln_A_formal,N_obs
Mean wage (2023-24),-0.017175872615089682,0.7059306746275238,47
Median wage (2023-24),-0.04840921550581623,0.3550557015170507,47
