Test,b_ln_A_formal,p_ln_A_formal,N_obs
Full sample,-0.004425531960825291,0.881552351714576,141
Excl. outliers,-0.0010851444041999336,0.9676700616821295,136
